track_id,track_name,main_artist_name,duration_second
7cXiUiPBBvJlrijfy1N0MS,Reason,Elza Kanzaki,267
13sxKGMd5RDQYavHyZ8Flw,Catch the Moment,LiSA,282
2uI59rwix0XOlYnUdvtoXr,勝手にひとりでドキドキすんなよ,藤川千愛,286
6VCeywT4JeawuZOUkQ1okx,Pussy Is God,King Princess,205
4005HPFgzlZwXu8D9gZisp,You Make It So Easy,Kingswood,198
6iey2E15nqKQ60KW8vBQQi,Stay Awake,Dean Lewis,185
7rP2j96yHkABXBAKpMAFs9,something more,j ember,196
4tVphly4D1PB8tJC9gHMcJ,10/10,Rex Orange County,146
4kAAko5kg70EjAWGF2ViWW,Hikarunara,Goose house,252
0f34MnV51uwA1jhPQ2XnDe,Brave Shine,Aimer,233
0lTOFmzXZ8hxuH5yjTORx6,Not Angry Anymore,Thelma Plum,203
5yTKl47wD2Us05FIegu4VF,All Night Long,KOTONOHOUSE,245
3zd71pqDjqgaO2RluRBVgI,By Myself,FIDLAR,214
29xNgitB4Ymeg8P6GSBPib,Stray Cat,Snail's House,159
4R9ATNRRl1uth17i5qDCc0,I.F.L.Y.,Bazzi,165
7vcNp4cj4uF4AyX5aKY4Ps,You're Not Good Enough,Blood Orange,261
0NsMgzCzCuedQKqIWSOF34,"Kamado Tanjirou no Uta (From ""Demon Slayer: Kimetsu no Yaiba"") - Full Version",Akano,328
6JKRddR3rfiGDopTJLiG1u,Otomedomoyo,CHiCO with HoneyWorks,253
1vAxW4D0wwfLaf12bkqlvB,Orion,Kenshi Yonezu,281
5lSFUFS28lvBkG8IfeQmOE,Thaw (Interlude),Snail's House,118
48gbPVwayrBnpyrjaQxP2q,Sentimental Crisis,halca,242
3LIOJzSQNPhu2CGv7JSgP1,[Whiteout],Snail's House,244
35xuLDT9GHLLRvWtOc6UAb,DreaMilk tea,colate,238
7HAkrW8JUYoVR9dXwb6Uku,Hotarunohikari,Ikimonogakari,242
16FgjLvtKWzDpZxuh4wY9w,小さな恋のうた feat.七穂,Kobasolo,283
3Z0oQ8r78OUaHvGPiDBR3W,Into the Unknown,Idina Menzel,194
6K4t31amVTZDgR3sKmwUJJ,The Less I Know The Better,Tame Impala,216
2NSvwNJJFTsc4IQV9QkMog,Aio Oshietekureta Kimie - White Night Edition,Qaijff,299
7vVfV8GJ9vdzDnzWCWmIBp,Torisetsu,Kana Nishino,259
190mzTupXIpyrfnPJyJyjP,Sunny After Rain,aran,229
6uq3dJDgNiB9q3hyV1u4st,Anybody Out There,Young Mister,222
0yVovOZGZtBXoZQr5gakeb,憂一乗,ヨルシカ,272
2EznBGrlmx9wBeYgyDojsA,I Like That,Janelle Monáe,200
4NbcVJqUScnEy202Hp8l3a,I Am Not Afraid,G Flip,226
4zB544yCIaSw3cuHltMCRJ,The End of the Game,Weezer,181
1Ucmx7qaayeZL8Qfsq9vzD,Re:member,FLOW,199
3D3cEBADuPsbxRcJLAFcbY,Hey K,Passion Pit,242
3aQkJx2WpFWrxKEYO159Vy,It Just Comes and Goes,Old Man Canyon,214
1clWKEbxOHoJytuATdHJeU,Hibari,ASCA,277
3WKXDJCJXPyLd09fpPTAg7,WINNER,flumpool,267
5l0qUJX8ZrxOuHJtgh5CGf,Bring Me Home,G Flip,278
64yajM6CxtLghmgB53VeXT,インフェルノ,Mrs. GREEN APPLE,212
0GLyqTysS0DFoeKjURtB8s,Unravel,TK from Ling tosite sigure,238
1FxGl2iWaEOXfuaFXfSQnP,ちょっと出かけてきます,Tia,296
2BrsEZqObLdNQEh6degzqS,I Touch Myself - triple j Like A Version,Lime Cordiale,215
2HaIUobpN4YzYe0WgnmbQd,Sky High,Kizuna AI,226
0U7FwmDGykahZ1cpTK7nrD,Ariake No Tsuki,Uru,264
1nZlkcceuqGnUNug0lUlsk,Prayer X - Acoustic,King Gnu,89
4cHpYpNFkhoxGvPb8hcAaq,あの日あの時,藤川千愛,343
4YMvlMYV3hD8emKCprfb4N,Bubble Tea,dark cat,243
6QWSzszggXCrkYljuA0BL2,Searching For The Ghost,DEAN FUJIOKA,179
7xsTPnzpEcqCQguRxnBxOR,ADAMAS,LiSA,225
2jdbZGFp8KVTuk0YxDNL4l,高嶺の花子さん,back number,294
1hotxaZgP7rQpgam4W2RXo,Kodokushi,Mihka!,206
1g89JASxN75856KEYGmZTt,Light,SIRUP,228
3SAgoXsKEGMlIGNtOvs0vV,インドア系ならトラックメイカー,Yunomi,195
4xVPktMnjvRegYpjzVNAAG,Missing Beauty,Sudo Genki,255
0NTyRNSDMcg3VmnxLmCsqv,[Snowdrift],Snail's House,291
02c4wpeXlXxT7Cekkz3kP3,Lean On Me,Illy,227
3Tmn9Bh3OO1TujBknMe4C9,人生のメリーゴーランド,All That Jazz,199
01o7s0y4eyHG2TDzocbnNq,Midnight grow,Mameyudoufu,204
7KzQ9ermAzagLbxwX5n0eP,Night Club Junkie,YUC'e,172
75SKlkZrcOX32dseIE8l4O,Lovers,7!!,221
0lSJQip2wVidbu1JfZ4IEQ,BINU,BIBI,182
0zqmyB1prgGGiOS10sjH8A,"When They Fight, They Fight",Generationals,200
33bURv895AN4FkBvgFo2dx,Woman,Harry Styles,278
7iXHLtPosbHvglVSJ4rxLq,愛唄,GReeeeN,236
2AmRjWxvLxJK3DjCYNruLI,Celebration (Movie Edit) [feat. Toko Miura],RADWIMPS,156
0Nn9gfz60CyzqnFXiAphMs,レーゾンデートル,Eve,222
1sOr5OXjbukTzBDgmvd6Fa,Indigo,88rising,173
0Y0bAtW4Xz3BKE9bxTXNL9,Daisy,Aimer,258
7B8VwAAFRD9gtquCml2tFe,Skyreach,Sora Amamiya,267
3Ddgh4ZwVIkLx0f4WeDFmo,sugar honey ice & tea,Bring Me The Horizon,261
38loOBAgDgCW4pFWyH9cey,Six Speed,Current Blue,120
3CxPHzTcrXOMNUq9XOtX5P,Startear,Luna Haruna,302
4BdGO1CaObRD4La9l5Zanz,Sit Next to Me,Foster The People,243
5We8lGFNpA1IkHAfIJU9XM,Black,Buddy,234
6bZmneAFKkF6HLzFLFcK0i,Venus,Sleeping At Last,200
0sf12qNH5qcw8qpgymFOqD,Blinding Lights,The Weeknd,201
0t4z0WaQomQqPONghWn8c2,Me and Michael,MGMT,289
0b7IBgZjedM53ufZV4f4CL,楓,SPITZ,325
3B6mCjnpTthmtFPuTAH0Kz,Luna,Bombay Bicycle Club,190
0GlejgfH8mrHTcJjqfcw6s,Mother,VOICES FROM MARS,429
3DpnZMnlXIVWVB8RWFjuAI,Kiminosei,the peggies,263
3MziBfxdRIQHTrdTJuk5qt,Sleepyhead,Young & Sick,237
0BP4HaXQ4CtbmFQ1PwaBTn,晴れた日に,All That Jazz,246
6NGpDCzyGzslY32HvSShtd,Don’t Be So Hard On Yourself,Alex Lahey,258
7CZyCXKG6d5ALeq41sLzbw,Take What You Want (feat. Ozzy Osbourne & Travis Scott),Post Malone,229
5V8FkfpBLQvLyKm8qzJXsi,Future Cαndy,YUC'e,210
4Sfa7hdVkqlM8UW5LsSY3F,Take a Walk,Passion Pit,264
2iQYA0LO5wKKzUvzLzRXiW,WHITNEY,Gavin Turek,173
2SJdfWjD5ssoOnRSIQYOGD,Go!!!,FLOW,239
3WRQUvzRvBDr4AxMWhXc5E,Sunset Lover,Petit Biscuit,238
24A8u5iR1EDMyG7cd4U6ue,いつもの道,Snail's House,244
1NmksRNnKu84kZNFbwuZ5Y,白熊,Vickeblanka,222
48jPXL18znu1NyN5Y1yEfT,WARUGAKI,Eric.B.Jr,169
5mCPDVBb16L4XQwDdbRUpz,Passionfruit,Drake,298
4NzMOnvSJVNKF7nw5NkXIP,bury a friend,Billie Eilish,193
6WrI0LAC5M1Rw2MnX2ZvEg,Don't Start Now,Dua Lipa,183
5aHfGUxRec6c41luxkDqhX,Peace Sign,Kenshi Yonezu,238
0VO6VnypiHKriKzj3HL5lb,Before I Let You Go,Blackstreet,299
3xaugmCyXrVkrDTXbFkMW3,Sanctuary,Joji,180
7w87IxuO7BDcJ3YUqCyMTT,Pumped Up Kicks,Foster The People,239
2nX7A7RQV4xb6XAivrsQG1,Q-vism,Who-ya Extended,182
23DbzwNJSLo7nkSWjODMvY,Gurenge,LiSA,238
34x3r65wXDQNXdMeDmDWbu,Bamboo Disco,Yunomi,196
1vmqOkCjB8DV7WTmTpDfTH,過ぎゆく日と君へ (feat. nayuta),Aiobahn,260
0SXqh0fDNdziTseZ3SvJhL,ある雨の日に (Intro),Snail's House,80
4kasy4d78AT0kx2CpPOjpY,バンド - ニ〇一九,Creep Hyp,376
2zGROZ21MjWlGOn9lP9mUp,melt (with suis from ヨルシカ),TK from Ling tosite sigure,278
2ZCkl705ROXLgLtXXKhBp2,Wake up!,AAA,223
4mGdjNMo0RonTlOEb7cYg4,11 Minutes (with Halsey feat. Travis Barker),YUNGBLUD,239
3bH4HzoZZFq8UpZmI2AMgV,New Light,John Mayer,216
0ytw2owVvegkIS87txqV1O,Swim Good,Frank Ocean,257
1M321puDN1WBd5NF0ogOKW,Habit,Still Woozy,153
2uibf6FnhL7cpcqsAuBBNf,別の人の彼女になったよ,wacci,304
7zDHGb8RXtQm2odfAzZZai,Moving On,Sarah and the Sundays,159
2njUxZ4151DWIrfIK3loFj,COPYCAT - Sofi Tukker Remix,Billie Eilish,198
3vrqSe0A4dSM9BZdrShAAu,CheerS,ClariS,240
40AXU3TBlhRe6I7hDm53dY,身体,odol,223
3nFOCjx621otRI1uKgh7yV,Falling Down,Zekk,217
2REogHf5QAT6lKosqzyVfx,Blue Bird,熊川みゆ,263
50qVZiOodCVGqVNSZHTfIS,紅(イントロ ストリングス),X JAPAN,379
65wl0TYoyrBFJtotwJiDHl,Infinity,Ocean Alley,233
5hkaFqz1HiBdN6Vwxyj09G,夢なんかじゃ飯は喰えないと誰かのせいにして,藤川千愛,277
69jrtjVjyzRyPCDg0dHYCX,生きていたんだよな,Aimyon,194
5D7bvuBIfr9XaepTEtUyMx,やさしさに包まれたなら,All That Jazz,162
2lef7yeg5qkPNt0ptulqfW,Lost In Translation,Logic,289
4x0pNOZ5r6kJMjsvsoliBm,Groceries,Mallrat,217
3TASsGwgW6rDL2R1IwMP30,クラゲ、流れ星,Ai Otsuka,296
4H24vduqzowuXiZ06CidCr,Charlie,Mallrat,190
2QoDAlMnML5haTXvYRS86X,Ready To Let Go,Cage The Elephant,187
2H3bOGOE50qEo5wAYoJiwL,貴方解剖純愛歌〜死ね〜,Aimyon,266
0qLSd8q52aE64HE8fUh26k,Kimi no Tamenara Dekiru Koto,Hanako Oku,319
4yws3mFm1DLQ20Z8UWcah7,Resolution,Haruka Tomatsu,290
1W5IQtjA2Hkx0fpGYSrqGx,ebb and flow,Ray,256
6rOxMuxtATULp0vEaNR3RK,スパークル - movie ver.,RADWIMPS,534
1FN5MIbMWhM0rRe8Y8RyX1,Rolling Star,YUI,188
15TaZdhznRBaKzyHLHA9ad,Unravel - Acoustic Version,TK from Ling tosite sigure,228
2zbWCme3Dvp8071b4R4nkY,Vinyl,King Gnu,294
6TjkFXIyvq0dhoMaxLkFxB,Stray cat,Luschel,222
30CenAPBR2VmH91r4Um32b,Clock Strikes,ONE OK ROCK,235
2iIJb5PbXpjeVX3noQ8Mnq,Floret,Snail's House,182
7FVGIPgLMDChTffvG2LuHV,Holy,King Princess,174
0RCpze7hmowZIGUJs9Dm7w,Marceline,WILLOW,136
4y3OI86AEP6PQoDE6olYhO,Sucker,Jonas Brothers,181
4YLTFu7iyC3q34dvf5hRDq,Eclipse,Inner Wave,183
43qQnF2HcaSBSueb6cylkR,Cappuccino,Snail's House,243
4IouQaO9GkaHC7AtMErdSa,打上花火,DAOKO×米津玄師,289
41d2Q6DHcM20OdzynkRtvf,Daft Pretty Boys,Bad Suns,187
48q0vSHcJdhK3IiXH8C5WJ,Why'd You Only Call Me When You're High?,Arctic Monkeys,161
2pV2oBsdLS4M1kEPrWjPcU,I&U,Rei Yasuda,256
2xV9yak8TmlqSpmbPKpNZp,Egao,Ikimonogakari,297
3keEVOCHTgkvCBI5m03hzh,"I Feel The Light featuring Earth, Wind & Fire",Little Glee Monster,219
7AdBuHyc78SDvPjddieyaf,I Know How You Get,Mk.gee,290
3QaQdu5eivGbFLL8YKmstX,Snö (Intro),Snail's House,73
3O8X1DE9btbzy4UH9cSX9a,Borderline,Tame Impala,274
278JqkBGkjDovOYAwE8TW7,115万キロのフィルム,Official HIGE DANdism,324
2UZFiaS3zujG1OuGfPSmoT,Canaria,ReoNa,287
6z9tknbgyohPSg6g7krPlI,Platonique,Snail's House,219
3u0e8pyoVc7l2u3T5thohY,空の青さを知る人よ,Aimyon,304
2iGt8kJKM7cUF9TEr50XGF,めんたいコズミック,Yunomi,224
5BC6kr6etk2Y9J62AyI4i3,青と夏,Mrs. GREEN APPLE,270
0d2iYfpKoM0QCKvcLCkBao,Eastside (with Halsey & Khalid),benny blanco,173
2Vt5LfLccwjF3PJujVZ1qi,Pastel (feat. Snail's House),Moe Shop,246
7kv7zBjMtVf0eIJle2VZxn,Southern Nights,Glen Campbell,180
2MLHyLy5z5l5YRp7momlgw,Island In The Sun,Weezer,200
361a7ybPctuTnUYjQPGifZ,ねこバス,All That Jazz,233
3xywWqxEoVGY3oaD5Beg6e,アオイハルカゼ,H△G,270
4zu6g7gsPwiATpb4VKS9FO,Fais rien (Petit Biscuit Remix),Moi Je,227
1NkiR42rILTQYYEGs7izYv,Umbrella,King Gnu,202
6NLuoenTHmHaD5bxqeeCpq,海の見える街,All That Jazz,224
5SHguvOUbyPTINNjCvRo8K,春愁,Mrs. GREEN APPLE,183
5Fli1xRi01bvCjsZvKWro0,Houdini,Foster The People,202
6kKvmT4i0Dercz6f3kftg3,今夜このまま,Aimyon,238
7MhJmtlNl6R0oppdG59CaI,Stand By You,Official HIGE DANdism,256
6qspW4YKycviDFjHBOaqUY,Waterfalls,TLC,279
0jHe49rm4UhOPlxEAa2LHj,White Day,Snail's House,199
3A4Najtnflk9RIdkM34Njs,forget-me-not,ReoNa,266
2SYHRctVRbWT9X4wRQP1Pv,Stupid,G Flip,206
4TwVtW8hS5LyLoDtJGpUOg,History,88rising,207
2bDdTBc0qdyN4MIaA7w9B0,風の通り道,All That Jazz,215
28grzRrS5csyaI4uK98IX0,Homecoming Queen,Thelma Plum,231
2SsLcXEBuTZYv6mW1a3C53,Iris,Eir Aoi,247
396UBHzxhcRoNYiIjRzEM9,Talia,King Princess,207
4oMULMKG58bdtMSHtK2IA7,Lucky,Omar Apollo,162
6413UUgINHbZsCJeJBFlmT,I'm Just Snacking,Gus Dapperton,198
4C02ApV2DhjRKC9xRPs668,Meditjin,Baker Boy,178
5JbIiEY2Ttextq0Eoiw7qn,深い森,Do As Infinity,245
6Tof6kPUc2a17GKaKz4IXz,"You're A Mean One, Mr. Grinch - From Dr. Seuss' 'How The Grinch Stole Christmas'",Thurl Ravenscroft,315
2yozZfRYHP7Elsymghu5t3,宿命,Official HIGE DANdism,280
4RkDFAZNUs1APBiiLTMQRh,Decoy,Friday Night Plans,171
4W1ha2UFapDHsk9ENhB3UU,Ito,Aimer,223
4f3nDjgqXurMryYBSp0TZD,The Beginning,ONE OK ROCK,292
5RbMlPFL4gVyEHW2lEOuzG,奏(かなで),Sukima Switch,328
0sSB7eVaUzVFGOXS53a3kf,Hoshino Nakano Kimi,Uru,254
5Lft98Xsgeb568V3bjRLCj,7 -Seven-,FLOW,260
2QilECqmzYBoI6yS5D8ftS,Salad Days,Mac DeMarco,145
3Yh9lZcWyKrK9GjbhuS0hR,Good as Hell,Lizzo,159
4dkMqDjuN7r9mOYpJtEUGt,Better Than Ever,Flight Facilities,183
64WsT14hhzXwbTEY1PntsU,Niji No Kanatani,ReoNa,293
1EqFAwG7ItSPLRVgbgK6iK,未来予想図II,Hideaki Tokunaga,369
1p0WZg4NXoNVGj2AuoLJe7,Netsujo No Spectrum,Ikimonogakari,223
1E75VDbTXfmoBNIAOMEmQC,Blind to you,Aimer,279
75scDPqGs75FotglJSoOI2,MIC Drop (Steve Aoki Remix) [Full Length Edition],BTS,307
7p30D2KjK2XW7YUvI6nH3o,Orange,7!!,350
1HyKEziXzDtvnlg3dTLos2,Torches,Aimer,292
57RA3JGafJm5zRtKJiKPIm,Are You Bored Yet? (feat. Clairo),Wallows,178
2dEFuiICxAJl1dz8NhYFYB,トゲめくスピカ,POLKADOT STINGRAY,279
09oZ9eXQ2fo6YDrPzJqAoP,Outta My Head (with John Mayer),Khalid,177
74ZcoP9bqvEvCBJrpEQ3T6,Seven Doors,ZAQ,236
35KlorpQ6LQVVslvlcu1gN,Lemon,Kenshi Yonezu,256
7rve4q3HYr6aijd9o3agx1,HUMAN LOST - feat. J. Balvin,m-flo,282
5EwxWZ25HLyAeYZwlg2VGA,Arrietty's Song,All That Jazz,218
3Tr11VSTXqjTnFLyKlu3mU,X.U. (feat. Gemie),SawanoHiroyuki[nZk],283
1gk3FhAV07q9Jg77UxnVjX,Gooey,Glass Animals,289
6BGbt6NGG5LGGqKdwAzzS8,Perfume!,fusq,174
0F0ZWcPbCVMIk0LQNK1gey,Find Me,fhána,419
0wY9rA9fJkuESyYm9uzVK5,D'Evils,SiR,171
0JcI7OdALbpSFkyKoufRYs,ロマンチシズム,Mrs. GREEN APPLE,213
5sjoJa0YmBCCPMrBPsBMge,Departure!,Masatoshi Ono,257
15KgukclBuiZ3vZMaTh17g,アシタカせっ記,All That Jazz,260
4oHDZV4ySUYyiUx5fl6ZTG,Tout (sinon rien),Juniore,214
34s49nvRfQy1kzx7DBqVRC,真夏の夜の匂いがする,Aimyon,233
4c2cdWv3GLKoP12tY0OzZl,Exit Sign,Hilltop Hoods,223
1Yi8XPnCPoimWwqxwm3uz9,Longshot,Catfish and the Bottlemen,232
4qbYw78uTbZDU98qpRXG0c,Call On Me,Litany,222
3rysOpH29UDtPpv5W2pzWZ,小さな恋のうた,高木さん(CV:高橋李依),247
3sFGaWwzGpP9KmrzMVN30Q,世界の約束,All That Jazz,221
2ky2EF48bJyzdDf72AkhF6,Dem Beats,Todrick Hall,218
1ZpLKLfbjjVbKjxxmqTrzy,Circles,George Alice,184
6kcHg7XL6SKyPNd78daRBL,Sweet Talk,Saint Motel,192
2T64m94VBrsEISkAYq6Cnq,Cooks,Still Woozy,174
79YEoOgd4KcZIUOau5q1ub,めぐる季節,All That Jazz,247
4HRlnQdOhl9iE7HEChm4Nn,Lost in the Woods - Weezer Version,Weezer,182
5DMEvbg3gUmiR5HIBWdveV,ノーダウト,Official HIGE DANdism,202
3cjPSKlHrekNwiE1fZybZ5,Straight to Hell,Ozzy Osbourne,225
1QQHJWEbtFDTNweBtxM5vR,"Unlasting (From ""Sword Art Online Alicization: War of Underworld"")",Akano,107
6kIivltIxJscvk682sTXoV,ジェリーフィッシュ (feat. ローラーガール),Yunomi,235
0N8Xztr4pBHJ7V0moJWhbO,愛を伝えたいだとか,Aimyon,235
4K9RaeHdiOObdqzXN8JVlu,See You Tomorrow (Outro),Snail's House,71
6XAQ6PSTfIVA5jRzBW862V,Look Up,Nulbarich,214
0bdYJCO9clK9ew61Z7GqMf,Paprika,Foorin,208
7C39RtGhnEw7cyf0Pyw7PV,Saint-Tropez,Post Malone,150
5aNAZP8OrpTTL428QLTtlp,Youthful Beautiful,Maaya Uchida,277
7vfaRUaFBDwENwa3tzJY64,Upper West Side,King Princess,211
0GiwV6v3AgJfdu59tj719Y,Pump It Up,Endor,150
5m0uWrm9gp38F81BR6sNvd,Neverland,Trifect,176
3o8QzWsiiqTUVgBZfHgF58,Cherry Bomb,NCT 127,236
3anjIXtZMdqKNi4iaNfKft,Is This It?,The Greeting Committee,167
1GLM0M9DA62xZsyp2UNq7i,Sugar,Peking Duk,191
5Ti99QiUdIwe0xG4gS22FL,Can I Call You Tonight?,Dayglow,278
4RL77hMWUq35NYnPLXBpih,Skinny Love,Birdy,201
73wdYpcwkEAd3f1vtHdlbe,僕と君のララバイ,みゆな,276
5aZQrb2TXWEh9uZR4HEY3r,Even Though I'm Leaving,Luke Combs,225
3QzAOrNlsabgbMwlZt7TAY,Ballin' (with Roddy Ricch),Mustard,180
22aZD7yaGYfhgCYazL4nbc,366日,HY,352
2AlJxc1feZlA2o0Lauafyo,Universe,Dirty Androids,250
1HmzAZUvhQLhLo2z3ocpZI,Radio Ga Ga - 2011 Mix,Queen,348
7sNoYrWSysPqaTT5LCMEmn,Oedo Controller,Yunomi,256
3XiDdtLkxzZWQWEkUFz8DX,タユタ,ayaka,192
22cTvElaAcMjHtB0xFWTEi,Gomenne,Kenshi Yonezu,211
3r1zS42zqcjtdi7uLWPliv,The Greatest Mistakes,Birds Of Tokyo,156
1VGzxJnVQND7Cg5H5wGj14,YEAH RIGHT,Joji,174
0y60itmpH0aPKsFiGxmtnh,Wait a Minute!,WILLOW,196
5uIRujGRZv5t4fGKkUTv4n,Feeling Lonely,boy pablo,197
2MMVw3XbLBGA3s4BV1Yjep,Play Goodbye,amazarashi,270
5i6d2nsVO8GTjVEXmylVjU,Walk (Interlude),Snail's House,167
3ZsH2zff1zBe1vYCQGIS8m,Ash,LiSA,238
1yoOiFrd7KHnUPun8BSBxl,Ipanema,Still Woozy,127
3TTWpDAiJfyoJDd5v2F8C3,Throwaway (with Clairo),SG Lewis,180
4c5flXd8U7nwTxIrpYCekH,最後の夏が終わる前に,Snail's House,247
3gY1UX6zV7IQAKcBgi2gcm,夕凪、某、花惑い,ヨルシカ,198
2cE5PbW9PhPmnyETXqH3VE,Grand Escape (Movie Edit) [feat. Toko Miura],RADWIMPS,188
5YVGJemdWfpfmiQ2e7nBOU,Market,Snail's House,140
7CK2ioYuFmjRKHRhsop0Ww,Sunflower,Snail's House,244
0adpMk52noKN7rxBQIWLJ4,PUMP,YUC'e,193
1jJci4qxiYcOHhQR247rEU,Kids,MGMT,302
4VginDwYTP2eaHJzO0QMjG,Circles,Post Malone,214
6HRG2C52qRluU11qarywb1,La France,Czecho No Republic,153
2TH3YX8ELcvWrv5pLKd3bQ,Introduction,Snail's House,38
0ErT89RwJ9BlFpMAtNA9uX,Constantinople,Fishing in Japan,191
6KdUG5LraCh5sj6uFXiNT0,インソムニアガール,HOTEL DONUTS,249
2xGidLUavQbZZMMp7RFzK1,風の通り道,All That Jazz,215
0sVnyL71jTOuMt9TZ59bws,ロビンソン,SPITZ,260
5WTXWw3ExdMtpozfFNH25d,366日,Mone Kamishiraishi,316
7gRLdM0fUa3v69BeWYAMzO,Shirushi,LiSA,288
3pOkmFi5UCjVYDcIJ5fsoy,Itsabet,Kimmese,228
28J422M70C4zeTr5JBH8UL,Pilgrim,Elza Kanzaki,245
6CRX3ENpLq42r0iBSjOqr1,Grand Escape (feat. Toko Miura),RADWIMPS,339
2Fxmhks0bxGSBdJ92vM42m,bad guy,Billie Eilish,194
0cq5E0XfR8qiXKJEwXxORy,Uneventful Days,Beck,197
2enPRFda84VE2wtI8c86Uf,Always Forever,Cults,223
48TPAQGjRuGzARTHAaiWkD,ばらの花 × ネイティブダンサー,yui (FLOWER FLOWER) × ミゾベリョウ (odol),264
3UknZzYzAhqcCVPahU5FY1,Wild Side,ALI,158
5zXmmhtXrhDbYnScaYpqZg,Imported (with 6LACK),Jessie Reyez,225
26kP0UtIDqVEttFjX92BLA,Can't Stop (A Playa),Schwey,224
09eYSoem8gQWelNj1G9Aqa,N-Sao?,Suboi,216
1gmOvyEimctQWci4is82oe,GOURMET RACE,SNOW SMILE,208
1WROWUtdahEPEkdglcO7fx,寒い朝,Snail's House,62
3XUTa2PfXlAuJXWgX3Ws2X,I Like It,Lainy J Groove,317
6jBNUlTbv3fyn5t4izsdMa,Again,YUI,255
1RujvyGPMWFGKAASzXmCpU,Cheap Queen,King Princess,161
4BbZUOXODM11LsM2styGaX,Sweetheart,Snail's House,121
08Thkgk1T0V8oCnQyFfmgd,Aimai na Kuchibiru,Hanako Oku,195
0ibhQJyObOOn2va4LjjpDC,Mantra,BOYO,144
0wBI0iW9HAcLi1d7tMYOsm,main actor,美波,331
494MhamirR5iEN0MnmknmH,Meet the Parents,Kim Petras,132
2U89gVbpMN80FvwECafcuB,lost and found,millennium parade,183
4eWQlBRaTjPPUlzacqEeoQ,Never Be the Same,Camila Cabello,226
4kraaWlwWmQndVBkWQ8eRO,We'll be alright,RADWIMPS,335
38VPKnanXWhNiv0NueMyh9,Melt 10th ANNIVERSARY MIX,ryo (supercell),305
1fdQPPVVm6EBbIL5D9aHHb,HYPE MODE,Reol,211
5uwZ2SFAJ2csvH2VyFoI2n,Ephemeral,ANTENA,261
3Q2xDJ1co8t2UqFw9Rm1Yk,Uma to Shika,Kenshi Yonezu,265
2NjO87HyT80fsgejd3PLYW,Dance To This (feat. Ariana Grande),Troye Sivan,231
3hwQj7u83altcxCt7NVt2s,Story Board,Mone Kamishiraishi,268
3Fj47GNK2kUF0uaEDgXLaD,wish you were gay,Billie Eilish,221
6B8gUB7PhCUDbCO0OiesrB,ノーチラス,ヨルシカ,240
1dGr1c8CrMLDpV6mPbImSI,Lover,Taylor Swift,221
5P8lyudWE7HQxb4ludLbEm,Renai Circulation,MONOGATARI Series,255
1OcBFgeDeGqeP5s4u3bQtJ,Key To Your Heart feat. Matt Cab,Celeina Ann,286
5Qlsugh2ZVlaOgPSHpI8D7,I'm Good,Wafia,217
6h1INlR5bOUOsmTH0cdkEH,Suddenly,Future Generations,215
0NZNtJar3qon6oVIR6XjIA,Same Thing (feat. Superorganism),Gen Hoshino,200
3S3DDZrPOYTirleXRyHnNM,イエスタデイ,Official HIGE DANdism,299
1fBq48F9L4L9PYwLv5SZ5d,空から降ってきた少女,All That Jazz,274
7zqsDgTydxCAvBMqkuEbO7,Butter Sugar Cream (feat. tsvaci),Tomggg,296
5VarZFY00sO54HErJ3TPCI,So Good At Being in Trouble,Unknown Mortal Orchestra,230
21z1GxeHjfD3qkaF5CgCTO,Silhouette,KANA-BOON,240
6V9fHiv84WlVTg7CSnIVY2,Graveyard,Halsey,181
1LTla3bbMwueS9LdCSCvy6,Last Scene,Ikimonogakari,361
7rHqkoLxlzcDrCPa6HpbsF,FREE YOUR MIND,flumpool,278
58dxGXavrcagRqA58fNB0Z,Pretender,Official HIGE DANdism,326
0tw4GLi5c36owjRA26mJf2,Overfly,Luna Haruna,267
2LchlSExS8BEfeORxPGPHf,See You Again (Outro),Snail's House,114
7wfQfnNFGWLD0BzcDngCRg,Money,Leikeli47,175
7yErEjRenGwBvdZrTNIJgv,FAKE/romance,CHIAKI SATO,200
4zdQmfTLWgGd5mAX4MUIaX,Turning Up,ARASHI,182
2iTMff0H6Mu20KQrJyd3Gq,stay gold,Momoiro Clover Z,214
7ursjrnHrsLoFO2uSYFVck,[Covered in White],Snail's House,283
0U9vBvoG3LN1PnuVl47E3W,ビンテージ,Official HIGE DANdism,252
29tzJGvqJPTAFs6LXmsHoA,R U Mine?,Arctic Monkeys,201
3mScGCzxiXA9OaHdBeuk7O,Crossing Field,LiSA,248
0Xcz0Q6uMq66GnXv7630Sm,雪の降る街で、あなたを待っている。,Snail's House,195
4fScMLlVGpFZMm1o30pJvQ,選ばれざる国民,Tokyo Incidents,251
0di0VGHbE3x0fHMX0OU5Ik,Can't Stop - triple j Like A Version,Hilltop Hoods,237
6Xxvdy1m9TX9HTxOzQcfuV,Grigio Girls,Lady Gaga,180
6TxR1dOpGwc83UJKXj546A,Lady (Hear Me Tonight),Modjo,274
79iUF1lDtcBWsxi7V4mkhl,Goodnight,Snail's House,149
4cTm3Ev9bUvy4ChJjB1nhl,Juicy,Doja Cat,199
1oR7VE2YJv3kT5XIa0MGMS,Sing,Goose house,260
4PSYobGLKAD4c1Jah8571x,見たくないもの,KANA-BOON,221
2vHlPm91LchCF25leZ4QgB,Pluie,Snail's House,214
3lB0GMiI5KxDbTOG8V3bOx,waves - Tame Impala Remix,Miguel,253
70aIi06FVnxG9FOecCSf8k,女神,POLKADOT STINGRAY,235
3DLql4G2JURPz84rrpDfnK,もののけ姫,All That Jazz,139
61NYmjDzHQkUBmm1PH5fc4,道,Taichi Mukai,231
2z8ErAmlD6RRs9tnJVOSAF,Seishunnante Iranaiwa,Sangatsu no Phantasia,230
6PNvv1dmDbOWrAYwEcuKBX,Criminal,Fiona Apple,341
023DWrHHWSjXF7cBJLFu4s,Darkroom,Ten Sleep,231
6X3FZtz4cKU2MKSQlGG9ZG,Bags,Clairo,260
0ophTl8mevsVgtH7V0XV0g,Negai,sumika,310
3PBKWXHVIcHtN64Oshbl7a,Unlasting,LiSA,295
5j7ixaLeGTGSv4DzKs0pCM,だから僕は音楽を辞めた,ヨルシカ,242
5E56VOqBWlLnFAqgQqdZeF,しゃぼん玉とあなたの夢,Snail's House,264
7p4vHnYXkxlzvfePJVpcTr,Feels Like Summer,Childish Gambino,297
5PLJ5otdjufJxfikUDejTM,Worst Nites,Foster The People,211
4mCwspCTPF1aoWUNxsS5aD,Hot Milk,Snail's House,246
1bZagCgAUi6dv2Zen6eMyA,toumeiseisai,YuNi,222
70sKIAQgaVN2zWEEyOpyMZ,All Night (BTS World Original Soundtrack) [Pt. 3],BTS,216
5QTFijKBM9oCO5vH744k7r,Daytrip,STEPHAN,144
5qmq61DAAOUaW8AUo8xKhh,Truth Hurts,Lizzo,173
0BxwLWELYVGKqzUGXJNmT7,Shame,Young Fathers,249
4wAHfAaREe5m3b2ED4f1ii,LIFE,YUI,241
1KuVdyg8d6NlRhbpHxg5UF,Social Cues,Cage The Elephant,219
1v1kAHWt1n9W0J2aE2APP0,Vivid Green,Snail's House,154
1JUxTt2bYpzcAfdpD44pnc,飛行艇,King Gnu,261
2O3bS4bnl3gaPs1NvX7pE4,feel,Kamome Sano,284
30bvAFA6MpijODXxvK9rP2,白銀,Eve,247
2EQWbkcNoKPOXQtJM7nqRV,My Song,Labi Siffre,284
1y3Ml1b1c4v3ZdpbWLKD1F,Fly High!!,BURNOUT SYNDROMES,244
6ZLvUEU1yWYETPrEGTj11E,Tranquility,SawanoHiroyuki[nZk]:Anly,284
3b0IUoTL3lEsp5Y4DbSIIb,"Violet Snow (From ""Violet Evergarden"")",Akano,160
68KMKHen3fHDgD8z1aBWCK,Hikoutei,King Gnu,261
7wa1cHqTRdjXZuqo4iigj1,Loser,Kenshi Yonezu,243
6y1jU3MtV2vdVfm5y7f9uo,Sunset Tea Cup,YUC'e,187
6ODZT1FGTE2q4two05giS1,新宝島,Sakanaction,302
6bpRzuHvZKUqF945XgiJSW,Obsessed,Hatchie,313
07s9NNOT0sZQp7TyolLLgu,Own It (feat. Ed Sheeran & Burna Boy),Stormzy,216
2XpV9sHBexcNrz0Gyf3l18,Blue Bird,Ikimonogakari,215
7qiZfU4dY1lWllzX7mPBI3,Shape of You,Ed Sheeran,233
1AiEbhocGMg7Pxi1jdkkhN,Yozora (feat. Hazzie),miwa,311
56pvqFKGXPjubh5eY6sOlv,Is There Still Anything That Love Can Do?,RADWIMPS,414
6c9llTTjTcLgoHbKaJVw4f,六兆年と一夜物語,Kano,222
31wFi94buu7x6KeWFobOaW,Haiirotoao,Kenshi Yonezu,332
0PV1TFUMTBrDETzW6KQulB,93 'Til Infinity,Souls Of Mischief,286
2eifPgBmp3vpa3yNTXi0wy,春、恋桜。,majiko,290
4KYAbvr17eE9drfUqGhmvo,Adrenaline!!!,TrySail,274
3Tc57t9l2O8FwQZtQOvPXK,my strange addiction,Billie Eilish,179
6cy3ki60hLwimwIje7tALf,RITMO (Bad Boys For Life),The Black Eyed Peas,221
0k664IuFwVP557Gnx7RhIl,Juice,Lizzo,195
3xgBxZxeDER973CYLIePOw,Đời,Suboi,186
2bTvNKT8bxyyPhzHu4A2Wx,Going up the Coast,Clay and Friends,174
7oJmIBxEAYjfkS7lhZ7M1S,Sometimes,Goth Babe,262
3Ln1U6W0D60vsepSYaj7LL,Marijuana,Awkwafina,125
5BbCTsFpRotDXwfdvnw6DI,きみの名前,藤川千愛,301
0rNc4sv0Yexj7YZMyE3ZAK,カントリーロード,All That Jazz,226
1gpwCQz5X2o0ednyk5UKlv,Millennium Queen,Approachable Members of Your Local Community,217
1lTfD2M6UpJRWi3YLb8qb5,Sakura,Ikimonogakari,353
0D2xguFRqCF0OUqXCkqrpU,Hard Sometimes,Ruel,269
5dVY1fyzwzZ3RvbGgtUElB,Bound To Lose,Electric Guest,223
3S2fC6wtCbc30hjIF0B4Cd,Shout It Out,Gabrielle Papillon,199
04wODYKrbLNe7LTOaOPX3i,"Sex, Drugs, Etc.",Beach Weather,196
6C1hGluh7veOo0kRQ4rr9K,Koibito tsunagi,CHiCO with HoneyWorks,278
7bELnYk2ahS8j9NUlpWCB9,I live in hope,kolme,268
6CsMd91gWWntqjZfXAScWe,夢灯籠,RADWIMPS,129
7B6qVUwrbQ21K5eSnINPvo,Medicine,Snail's House,254
5QMmZqzh93EY6gJG4PmzHA,Loner,YUNGBLUD,215
6j2FRXCedq17TLUbvc6eTf,it's Over,KOTONOHOUSE,281
2X485T9Z5Ly0xyaghN73ed,Let It Happen,Tame Impala,467
77lmDcPPyY6kK907gdgC6i,HANABI,Mr.Children,342
3d5YjouBb1NxZQySoaVmRx,Blue,Kobasolo,281
7KndJ6lFWOCcLrbelWrUmE,Happy If You're Happy,Matt and Kim,109
4Y6GIje3GErVRIq1Ff5BJq,Black Madonna,Cage The Elephant,226
2IukAS6kkQL9WZ0m9nn3LL,"[Waiting for You, Waiting for You.]",Snail's House,184
4hGrICtBJ99d1c9wQGT8jk,最終兵器、君,SCANDAL,233
4Jj31lihp5Nvdi4lFRjrqc,Machigaisagashi,Masaki Suda,223
63UNqAjFomMcZXc2InOxTC,TOO DEEP TO TURN BACK,Daniel Caesar,318
1dsh4buvcBs2u7YtHy29c7,ないものねだり,KANA-BOON,262
7a7EIFzJLd7lcDRgThMQgm,Wherever you are,ONE OK ROCK,295
6XRgC4KAp4upKu0v7H4tQo,Lo/Hi,The Black Keys,177
5Mp7atoJVZkKzsssKeCJKm,Stay!!!,millennium parade,197
57AHhOYub3uVyNiLvKpfC3,ミサキ,Milkoi,242
7aNW0M1R6eUnoXKpN2HncV,HEADY,Reaper,211
7to68V64Cu6zk0UDo5tyw3,Confidence,Ocean Alley,253
2x8evxqUlF0eRabbW2JBJd,Fluorescent Adolescent,Arctic Monkeys,183
3UjtIALeg72qmJiKPWBvM3,What You Know,Two Door Cinema Club,191
4oenJJ51gPuwNDMsaaTj6H,AM4:00,Tia,257
1nBnQCkaOPF1FK5VCH7ZM6,Chime,"Lucie,Too",130
3gCefOhZKaOghGoGwPvvrZ,Rio,Orangutang,272
5CD5oyc8bRX5bsLJqKqfnz,Let It Out,Miho Fukuhara,259
7Feaw9WAEREY0DUOSXJLOM,Summer Days (feat. Macklemore & Patrick Stump of Fall Out Boy),Martin Garrix,163
0QKmcZNAST4GytJYmkN05D,Sayonara Elegy,Masaki Suda,257
0j2ugdIy1YfJBWQmImgMwi,Michishirube,ASCA,223
2QUwwClOWsiUteYeZ3MczF,Sandman,BRONCHO,192
5BqwC9kOBbqYkzdOKeXFFk,for lovers who hesitate,Jannabi,265
5B6zDhhcEfmKmFWCUbbNQg,It's gonna be alright,braven,196
4WP2orSVpKRcPT39rXVtyg,傘,King Gnu,202
6IRdLKIyS4p7XNiP8r6rsx,all the good girls go to hell,Billie Eilish,168
7CmWXD3w1xOO53AAO4LRVQ,愛をこめて花束を,Superfly,295
2jZgzSxNSg1hTCq0ewWHGJ,Junk Of The Heart (Happy),The Kooks,187
4ATrjNUnSvzskzN3HF8cPR,Rising Hope,LiSA,253
7xetilhrLInlQpQBZwmwwT,Seventeen,Harukatomiyuki,273
0ggHt5jwwtMsWME2PDB6a0,Colors,FLOW,218
5ZiAYujs7k4C8ByqZX7n3A,再生,Perfume,283
2cKiHG16JBiqHdi7Llq0r7,マリーゴールド,Aimyon,306
6LsAAHotRLMOHfCsSfYCsz,If I Can't Have You,Shawn Mendes,190
1s0QbmRVJ6AK4ICc44tJtB,Dawn,Sayuri,315
0gHTs1ButNE0DQfix7EJln,Day by Day,lapix,236
0wpTQf1gSR0TkhlGkCx4zs,Imaginary Friends,Japanese Wallpaper,213
23atyJacJVHvB9RHBNhr35,小さな恋のうた,MONGOL800,222
4s6ZktLNLZnk1osl3Vf1ZO,Koi,androp,274
0ve9Tpz8Yw0I4eXhWsy21o,ワタリドリ,[ALEXANDROS],248
5YsECBNra5iDJAr7xrnW6f,Resolution,SAFIA,241
2igRi4SLvLCGrL5SGcNhv3,Hammock,Millionyoung,183
1ihCiJaXRl4f6Sy4LJov5z,チェリー,SPITZ,259
70aABapNin4k4NysAOX7w4,なんでもないや - movie ver.,RADWIMPS,344
1WDVZNals95SINqXbGPHgs,Fake Sugar,Beth Ditto,209
2cBVXCi2n4VztEzq25HoA7,LONELY NIGHTS,tofubeats,236
33V2KhqgFWwpxwc5cuUDKf,Cave In,Owl City,242
5Cz3z2cS7vOafvQHgxbOjn,Before I Let Go - Edit/Remastered,Maze,234
6i0fTW5JGeJL4MApkXT0ZQ,Early Days,Rin Akatsuki,253
0ssEfLe9aqPhMmLXKqBw6J,ハッピーエンド,back number,314
0tByDZgQzoNfFFmpgleB0s,10/10,Rex Orange County,146
43mKQtG46XBMXZokbNMlxA,There's No Ending,RUANN,210
4KtwP9pouRclxe8gLYu1r6,君をのせて,All That Jazz,179
27a8YkCwNUHuD28rmYegHq,Boku Ga Shinou To Omottanowa,Mika Nakashima,380
5EYi2rH4LYs6M21ZLOyQTx,Loving Is Easy,Rex Orange County,155
7H5uStZMOGpcVw7eW0eyTi,トリコ,Nissy,232
6d0TVTJwlQ955ME8LSC2YT,愛は花、君はその種子,All That Jazz,228
1sIIlVrnPhrvmTrHtzM7tV,点描の唄,Mrs. GREEN APPLE,307
1V9fhEM1WBJuwdrmRFrxIo,stereo future,BiSH,272
27iksNpaur1CcH0w8703by,Shinzo wo Sasageyo! - TV Size,Linked Horizon,90
29RAzfejW1O69okBQXibca,優しいあの子,SPITZ,204
0mNO3xUzjsI17GXO1DRFCH,Hakujitsu,King Gnu,274
1bDhyatKhfhadf1lT8P3Q2,Détour,Snail's House,407
5p7QDNLSLGm41ZbH7DCsph,Happy Go Ducky!,the pillows,189
0MSlj5eurT0ShXo97C662u,Restless,Allday,192
1ykOeUtodWGBx6aoXi7rcS,Her Blue Sky,Aimyon,304
5P8ZvBQoCrujjNcLAxO3Su,クリスマスソング,back number,340
21jGcNKet2qwijlDFuPiPb,Circles,Post Malone,215
3e6ZO9yC53nI00YerRJhI4,Kazenouta,FLOW,260
1BDeoGW3PQxdrAfSgwmT4H,7 Days Til Sunday,TV Girl,215
7ps6ClbeI58KMAp0bS26Pn,Sayonara Invader,Yunomi,236
5bHFXKCgekLxBXzu0s867W,恋い雪,SILENT SIREN,313
0Ma58HrmhNi0UrOCnAXXBt,Inappropriate Behaviour,Lime Cordiale,253
5Z8HZM6iQMhhqyPcCGY5g9,Hot (feat. Gunna),Young Thug,193
2NbffhNltorifsuY5doB1l,Don't Hurt Yourself - Homecoming Live,Beyoncé,256
2JgDFsdlqZBTemRStMULWs,Thug It Out,TT The Artist,221
0NlpoC1PwAVsIhoIDyS8Zu,あの夏へ,All That Jazz,267
52ziOY0XQ29yVXLlfKDEWR,Farewell,Snail's House,275
75Zpjih9P2IvyKYRgMcx5B,風の伝説,All That Jazz,214
2wvjGSWamFfhDgl2d04qBV,君じゃなきゃダメみたい,Masayoshi Oishi,231
33pwg9lHApKmNoh1Qp3zcb,週刊少年ゾンビ,Cidergirl,251
0JxsibuxzDijNdlWTlMQ3v,あなたに,高木さん(CV:高橋李依),194
0tDeqGP6fLQDg84UY45XkG,"Too Proud featuring XZT, Suboi, EK (L1 Remix)",Hikaru Utada,259
4pILlUSO0PQfQuei5MIIjK,ラ・ム・ネ,Snail's House,214
0rLWMAtGkJibmsb3z52CMz,Before I Let Go,Maze,431
3xEK8gbOWZKJYNAHaUIReE,Trip the Mains,Methyl Ethel,229
07NE8Em6ofFaB2nWyAoVPi,Mystery Girl,Housecall,176
3wt1ISMj7uwSSXnxDd9dAu,となりのトトロ,All That Jazz,209
034c3CHMQ2STRC6GPXXhl6,ニルバナ,Tia,264
1htJGL473Dub5QGKecXi9R,Datte Atashino Hero,LiSA,234
0hxcmfs56A4c4mLnqxhLGE,Clair De Lune,Flight Facilities,459
59eluCMn0XbOWqeWQ91FTM,君はロックを聴かない,Aimyon,246
3wJHCry960drNlAUGrJLmz,ただ君に晴れ,ヨルシカ,198
1YgKxDD03H5WNfa8kfqORe,Fire & Grace,Hilltop Hoods,229
3RavoCAj1okxURYmvkSlma,Floria,Tomohisa Sako,268
4FSm0Ca6Hzd7Vx7TpSfcSy,Arabella,Arctic Monkeys,207
6172V5Gr41GDj0wTvts8CB,Real Thing,Middle Kids,190
5HvEN9mS0QXklTcYIzSTsl,New Tide,Mo Lowda & the Humble,291
6g93YtKKHU2H1qIqhLIL0Y,Kataomoi,Aimer,207
27aGlicHJKf5QY20looYlR,F You I Love You (feat. Teyana Taylor),KYLE,236
1c5iUY7Zg1SxtROg1yr5ad,Better in Blak,Thelma Plum,192
57vxBYXtHMk6H1aD29V7PU,Heartless,The Weeknd,200
3HVWdVOQ0ZA45FuZGSfvns,I Don't Care (with Justin Bieber),Ed Sheeran,219
6eDfe957aV4sqGnDhlSikJ,Drive Safe,Rich Brian,240
2vOAHp8PBBFYqvQUWSoITY,インフェルノ,Mrs. GREEN APPLE,211
32zkKx35Et6A515oZKxDkD,Life Itself,Glass Animals,281
6Re7JDG2lRM12jE6DMhYFu,うつらうつら,Snail's House,263
2XU0oxnq2qxCpomAAuJY8K,Dance Monkey,Tones and I,209
7GYGVDPbi0zQUBIkuOPAY0,ハルノヒ,Aimyon,326
45jGOHwYKgsRYbAJ8DR61d,ひまわりの約束,Motohiro Hata,308
0GTGTItefvKsfVrzaS5WZv,Letter,SHE'S,260
5TIMNeqGc26Ohw0yfcAfGB,No Regret,wacci,304
2QNn9sDw39RNNJedma1ZYa,Silence,n-buna,227
4aT6vP9y2eDjxmRGm5ZqSC,Location Unknown ◐ - Brooklyn Session,HONNE,328
6KBYefIoo7KydImq1uUQlL,Bodak Yellow,Cardi B,223
4uqQf7hIp6l9OdCtJ97E22,Blackout Control,Spendtime Palace,181
0GSs0GV34KX7KCpLw9tWjk,Go!!!,FLOW,239
2kR3bN6BhWBUkh52fioVjt,Adolescent,Jack River,164
7tGDXCPLpAScEwmqab9YZd,Walking with you,Novelbright,223
4HG1YiGBseVKzjyKcmAJen,Summer Games,Drake,247
44CZRkOxv7UItaAUmh8PgN,Doses & Mimosas,Cherub,323
6i9zEps9EdkonvPgiietJb,Disarm,Empire of the Sun,231
4toGhOrpjQfweDT9flB5iq,We'll Be Alright (Movie Edit),RADWIMPS,258
487y2ZkHO1HsKLw6qDpaL7,Ordinary Man,Monkey Majik,240
48f3mSkbXUCiF511cKkOok,秘密基地,Snail's House,196
6fmowbDHpvQ1qw7lp22Xhi,前前前世 - movie ver.,RADWIMPS,284
0C4bx13JIMSWOAxd8TaoVq,Under the Graveyard,Ozzy Osbourne,297
5MZQIjtghyFc4sMVUzD7MD,Kickback,Omar Apollo,171
3cphb8kdsjElYR7r5icK3H,Nice To Meet Ya,Niall Horan,158
3hBAYbAECEix9raaTq8S3H,ヒロイン,back number,269
0Hrd6CSafHHqKptyFppmqH,Undercover Martyn,Two Door Cinema Club,167
7wMOqgZHfbnWdcCjWs3Bjm,Fizzy Resort,Snail's House,212
52Sw2hgAHMQzBrC0CqhiJK,Kiseki,Uru,285
4Sib57MmYGJzSvkW84jTwh,ME! (feat. Brendon Urie of Panic! At The Disco),Taylor Swift,193
3LE1h5nCGT2sr9Mu9BaCHu,Wakusei Rabbit,Yunomi,201
2ydYMwYFgCI8updFN8B8pU,君の大事にしてるもの,SHISHAMO,299
0IrfTmWz97ZoKbBICyslv9,Teenager Forever,King Gnu,189
414N9D2GBfK7dsGGhbnuDJ,さんぽ,All That Jazz,164
6cJyNd9dx9U8uYhy3r9WPK,when the party's over - triple j Like A Version,Cub Sport,213
5Y7N4lIY5G1zX3miUBJLLg,Drink Too Much,G Flip,220
0vRJeGO4lMFiCaOsUvgDp1,ちっとも知らなかった,NakamuraEmi,307
5aEHX6BZHzjI8h9zZNcskZ,Don't you want me,PSYQUI,284
4caEaddRaVoR5M666RLsmt,Night Fog,Camellia,297
3ApAsbQP7d5GlFwwdExaTY,Poplar St,Glass Animals,262
5pebAl4PEt8XjL6IaZbeX4,永遠はきらい,Mone Kamishiraishi,245
6KKHXbJtnJPjla3V49YPac,"Prune, You Talk Funny",Gus Dapperton,212
3gEoKDn0uhb9qqLwC16tly,Everybody Wants To Rule The World,Weezer,244
0rLzyBecRbTpnBWvMtPVFR,Get Right,Jennifer Lopez,225
6Ozh9Ok6h4Oi1wUSLtBseN,BOP,DaBaby,159
2drEUEg0TYQR6dDEHkpuPE,Patience,Tame Impala,292
290xSzR8Ee9fm82poMg4od,Used to Be in Love,The Jungle Giants,222
1gpf3pdVzFH6yLQbCPZTsU,Girls Like Me,yergurl,165
2DoO0sn4SbUrz7Uay9ACTM,Tailwhip,Men I Trust,225
797ptEfr7sp2QyZ33aJcfC,Walking on Snow,Snail's House,105
7wpskHdkwk2D5qREMkoL7J,あふれる光,moumoon,231
0rKtyWc8bvkriBthvHKY8d,SLOW DANCING IN THE DARK,Joji,209
5BoDFGTXZ8j5muc6Sb2jMz,Lava,Still Woozy,157
3JrxNi0sQ1Lnx8eGonp3Ma,にじいろ,ayaka,224
79esEXlqqmq0GPz0xQSZTV,Lost In Japan,Shawn Mendes,201
0u7aRGM7YmvtsmG5NSrNsO,Feel Special,TWICE,206
4KiRfwOgFsCoyzwIoORtof,うれし涙 - Acoustic Version,MACO,312
0wDXtaAKfzdDYUqL3iQ2Jw,Diver,KANA-BOON,272
3rq5w4bQGigXOfdN30ATJt,Do I Wanna Know?,Arctic Monkeys,272
4i0FP1BQkdPQ73juQAT2QH,いつも何度でも,All That Jazz,229
2zoNNEAyPK2OGDfajardlY,Rushing Back,Flume,231
1hi0P1Y2he1p09xnUccuAN,Sign,FLOW,236
41CJRxFYadXJgUxsjTkCIn,今ここで逢えたら,Vickeblanka,264
5z4fiEjLBLPGXF3Zk2PF3g,罪と罰,Sheena Ringo,332
0xPHALeBb3aLEZrj0T0R2P,Sayonara Memory,7!!,221
6kQ9Os7x5LJ2jLHb8VWKaa,Ninelie (with chelly),Aimer,261
7v6BEwl74qlnPi9W9nziHh,[Fluttering],Snail's House,256
3i2JVOiabbQSFlCKQW4UgL,ひまわりの約束 feat.春茶,Kobasolo,305
1lijFy2W01WbkhMc9AWF53,Sentimental Love,mimimemeMIMI,280
4GisTcIbX4OLuTqduQYtxW,テルーの唄,All That Jazz,305
5pAbCxt9e3f81lOmjIXwzd,Be Honest (feat. Burna Boy),Jorja Smith,207
0k4yUonDEAqoIw3xL2XMVC,Better Apart (feat. Dresage),Jai Wolf,234
3QmolSZqjjLksTUvZJ6pPS,Cool,Jonas Brothers,167
4dmX8kOAKPADiVVNpLMnbE,Back-to-back (feat. Akane),Kobasolo,294
45dD9G6V7rJSuVeemdcVO2,Get in My Car,BRONCHO,214
